k,inercia,silueta_promedio
3,3878436.6893622465,0.3408
4,3756367.913545729,0.0748
5,3640716.1604922,0.0596
